<?xml version="1.0" encoding="UTF-8"?>
<!DOCTYPE hibernate-configuration PUBLIC "-//Hibernate/Hibernate Configuration DTD 3.0//EN" "http://hibernate.sourceforge.net/hibernate-configuration-3.0.dtd">

<hibernate-configuration>
    <session-factory>
        <property name="hibernate.dialect">org.hibernate.dialect.MySQLDialect</property>
        <property name="hibernate.connection.driver_class">com.mysql.jdbc.Driver</property>
        <property name="hibernate.connection.url">jdbc:mysql://localhost:3306/hotel?zeroDateTimeBehavior=convertToNull</property>
        <property name="hibernate.connection.username">root</property>
    
        <property name="connection.pool_size">1</property>

        <property name="dialect">org.hibernate.dialect.MySQLDialect</property>

        <property name="show_sql">true</property>

        <property name="current_session_context_class">thread</property>
    
    </session-factory>
</hibernate-configuration>
